{"data_time": 0.0037410869263112545, "eta_seconds": 32647.486431347206, "fast_rcnn/cls_accuracy": 0.53759765625, "fast_rcnn/false_negative": 0.2600334448160535, "fast_rcnn/fg_cls_accuracy": 0.0, "iteration": 19, "loss_bound": 0.6841975450515747, "loss_box_reg": 0.017463144846260548, "loss_cls": 3.304661989212036, "loss_mask": 0.6929720640182495, "loss_mask_refine": 0.4966951161623001, "loss_mask_uncertain": 0.6968073844909668, "loss_rpn_cls": 0.6901177763938904, "loss_rpn_loc": 0.10912027955055237, "loss_semantic": 0.15465304255485535, "lr": 4.99525e-05, "mask_rcnn/accuracy": 0.5080762987012987, "mask_rcnn/false_negative": 0.511910122416722, "mask_rcnn/false_positive": 0.47878511363214504, "roi_head/num_bg_samples": 501.0, "roi_head/num_fg_samples": 11.0, "rpn/num_neg_anchors": 217.25, "rpn/num_pos_anchors": 38.75, "time": 0.3628304782323539, "total_loss": 6.866983821615577}
{"data_time": 0.0040315985679626465, "eta_seconds": 30301.16238622926, "fast_rcnn/cls_accuracy": 0.9755859375, "fast_rcnn/false_negative": 1.0, "fast_rcnn/fg_cls_accuracy": 0.0, "iteration": 39, "loss_bound": 0.6062204837799072, "loss_box_reg": 0.03108390048146248, "loss_cls": 0.23841548711061478, "loss_mask": 0.6912956833839417, "loss_mask_refine": 0.47579705715179443, "loss_mask_uncertain": 0.685133159160614, "loss_rpn_cls": 0.635426938533783, "loss_rpn_loc": 0.09766681119799614, "loss_semantic": 0.14621806144714355, "lr": 9.990249999999999e-05, "mask_rcnn/accuracy": 0.5763711734693877, "mask_rcnn/false_negative": 0.27529075095503364, "mask_rcnn/false_positive": 0.6382154898274098, "roi_head/num_bg_samples": 499.5, "roi_head/num_fg_samples": 12.5, "rpn/num_neg_anchors": 219.0, "rpn/num_pos_anchors": 37.0, "time": 0.3306300116237253, "total_loss": 3.6024377197027206}
{"data_time": 0.003922158386558294, "eta_seconds": 30068.720248737372, "fast_rcnn/cls_accuracy": 0.9736328125, "fast_rcnn/false_negative": 1.0, "fast_rcnn/fg_cls_accuracy": 0.0, "iteration": 59, "loss_bound": 0.5018052756786346, "loss_box_reg": 0.03941810131072998, "loss_cls": 0.26519837975502014, "loss_mask": 0.6876998841762543, "loss_mask_refine": 0.454117015004158, "loss_mask_uncertain": 0.6532442569732666, "loss_rpn_cls": 0.508926272392273, "loss_rpn_loc": 0.10513325035572052, "loss_semantic": 0.12856054306030273, "lr": 0.0001498525, "mask_rcnn/accuracy": 0.6125135818216175, "mask_rcnn/false_negative": 0.20680184007790442, "mask_rcnn/false_positive": 0.6538381178952827, "roi_head/num_bg_samples": 498.5, "roi_head/num_fg_samples": 13.5, "rpn/num_neg_anchors": 217.25, "rpn/num_pos_anchors": 38.75, "time": 0.3258977101650089, "total_loss": 3.374231841415167}
{"data_time": 0.004212506115436554, "eta_seconds": 30157.090317606926, "fast_rcnn/cls_accuracy": 0.9658203125, "fast_rcnn/false_negative": 1.0, "fast_rcnn/fg_cls_accuracy": 0.0, "iteration": 79, "loss_bound": 0.46961234509944916, "loss_box_reg": 0.0702279582619667, "loss_cls": 0.32750892639160156, "loss_mask": 0.6866880059242249, "loss_mask_refine": 0.43497541546821594, "loss_mask_uncertain": 0.6447953879833221, "loss_rpn_cls": 0.36211007833480835, "loss_rpn_loc": 0.09534331411123276, "loss_semantic": 0.11263114213943481, "lr": 0.00019980250000000002, "mask_rcnn/accuracy": 0.6000389279088258, "mask_rcnn/false_negative": 0.22740884392427918, "mask_rcnn/false_positive": 0.6014909652108955, "roi_head/num_bg_samples": 494.5, "roi_head/num_fg_samples": 17.5, "rpn/num_neg_anchors": 218.5, "rpn/num_pos_anchors": 37.5, "time": 0.3406782974489033, "total_loss": 3.1933358311653137}
{"data_time": 0.004376629367470741, "eta_seconds": 30305.112260766327, "fast_rcnn/cls_accuracy": 0.94580078125, "fast_rcnn/false_negative": 1.0, "fast_rcnn/fg_cls_accuracy": 0.0, "iteration": 99, "loss_bound": 0.4521845281124115, "loss_box_reg": 0.16781822592020035, "loss_cls": 0.46907129883766174, "loss_mask": 0.6823118627071381, "loss_mask_refine": 0.41355036199092865, "loss_mask_uncertain": 0.6402597725391388, "loss_rpn_cls": 0.25362154841423035, "loss_rpn_loc": 0.09306220710277557, "loss_semantic": 0.09654754772782326, "lr": 0.0002497525, "mask_rcnn/accuracy": 0.5876749738356881, "mask_rcnn/false_negative": 0.25128418430436283, "mask_rcnn/false_positive": 0.5792741399534806, "roi_head/num_bg_samples": 484.25, "roi_head/num_fg_samples": 27.75, "rpn/num_neg_anchors": 218.0, "rpn/num_pos_anchors": 38.0, "time": 0.3549929822329432, "total_loss": 3.2976307570934296}
{"data_time": 0.004278258187696338, "eta_seconds": 30771.719150338322, "fast_rcnn/cls_accuracy": 0.919921875, "fast_rcnn/false_negative": 1.0, "fast_rcnn/fg_cls_accuracy": 0.0, "iteration": 119, "loss_bound": 0.42518681287765503, "loss_box_reg": 0.2696415185928345, "loss_cls": 0.5990761816501617, "loss_mask": 0.6798446178436279, "loss_mask_refine": 0.39503732323646545, "loss_mask_uncertain": 0.637408584356308, "loss_rpn_cls": 0.21043766289949417, "loss_rpn_loc": 0.08538781106472015, "loss_semantic": 0.08839572593569756, "lr": 0.0002997025, "mask_rcnn/accuracy": 0.575400119668654, "mask_rcnn/false_negative": 0.14525812637724017, "mask_rcnn/false_positive": 0.7038750371707283, "roi_head/num_bg_samples": 471.0, "roi_head/num_fg_samples": 41.0, "rpn/num_neg_anchors": 221.0, "rpn/num_pos_anchors": 35.0, "time": 0.3718373514711857, "total_loss": 3.46142815425992}
{"data_time": 0.004147552186623216, "eta_seconds": 31234.6269669896, "fast_rcnn/cls_accuracy": 0.90478515625, "fast_rcnn/false_negative": 1.0, "fast_rcnn/fg_cls_accuracy": 0.0, "iteration": 139, "loss_bound": 0.42404668033123016, "loss_box_reg": 0.33517345786094666, "loss_cls": 0.6459101736545563, "loss_mask": 0.6744085848331451, "loss_mask_refine": 0.37011510133743286, "loss_mask_uncertain": 0.6297610700130463, "loss_rpn_cls": 0.19282347708940506, "loss_rpn_loc": 0.08995333313941956, "loss_semantic": 0.0825958102941513, "lr": 0.00034965249999999995, "mask_rcnn/accuracy": 0.5867069484043617, "mask_rcnn/false_negative": 0.19168267281885365, "mask_rcnn/false_positive": 0.612711222713821, "roi_head/num_bg_samples": 463.25, "roi_head/num_fg_samples": 48.75, "rpn/num_neg_anchors": 220.5, "rpn/num_pos_anchors": 35.5, "time": 0.38001881656236947, "total_loss": 3.486833706498146}
{"eta_seconds": 31623.783572201617, "fast_rcnn/cls_accuracy": 0.8896484375, "fast_rcnn/false_negative": 1.0, "fast_rcnn/fg_cls_accuracy": 0.0, "iteration": 153, "roi_head/num_bg_samples": 455.5, "roi_head/num_fg_samples": 56.5, "rpn/num_neg_anchors": 220.0, "rpn/num_pos_anchors": 36.0}
{"data_time": 0.004108847118914127, "iteration": 152, "loss_bound": 0.41853606700897217, "loss_box_reg": 0.3835064470767975, "loss_cls": 0.6860867142677307, "loss_mask": 0.6692848801612854, "loss_mask_refine": 0.37988118827342987, "loss_mask_uncertain": 0.6273781955242157, "loss_rpn_cls": 0.1763378232717514, "loss_rpn_loc": 0.08631985262036324, "loss_semantic": 0.0715036578476429, "lr": 0.00038211999999999995, "mask_rcnn/accuracy": 0.5812098709011254, "mask_rcnn/false_negative": 0.2148546618503714, "mask_rcnn/false_positive": 0.615720892060003, "time": 0.38597948593087494, "total_loss": 3.5187034625560045}
